{"cameraMode":{"drawMode":0,"name":"Shaded","section":"Shading Mode"},"sceneLighting":true,"audioPlay":false,"sceneViewState":{"m_AlwaysRefresh":false,"showFog":true,"showSkybox":true,"showFlares":true,"showImageEffects":true,"showParticleSystems":true,"showVisualEffectGraphs":true,"m_FxEnabled":true},"in2DMode":false,"pivot":{"x":10.939806938171387,"y":-2.6452198028564455,"z":2.644155263900757},"rotation":{"x":-0.29894641041755679,"y":0.7007980346679688,"z":-0.44653430581092837,"w":-0.4691713750362396},"size":10.944040298461914,"orthographic":false}