{"cameraMode":{"drawMode":0,"name":"Shaded","section":"Shading Mode"},"sceneLighting":false,"audioPlay":false,"sceneViewState":{"m_AlwaysRefresh":false,"showFog":true,"showSkybox":false,"showFlares":true,"showImageEffects":true,"showParticleSystems":true,"showVisualEffectGraphs":true,"m_FxEnabled":true},"in2DMode":false,"pivot":{"x":-0.014003664255142212,"y":0.7913463711738586,"z":0.0689200758934021},"rotation":{"x":-0.30146247148513796,"y":0.6314477324485779,"z":-0.2919366657733917,"w":-0.6520516872406006},"size":1.0449312925338746,"orthographic":false}